MNTKTFEQFAAMTEVELSNVEGGSVEVVGIVLGAAWAIYSFGEAGRTAYYVTHSK	BKANDP_05995
MKNLEQFDVMTDEALSTVEGGNVVINTAGVAIAGGVVGAGVCSASVALAPFAGACAYVGAKALASGYLIAYYS	BKANDP_06005
MKNLEQFDVMTSAELSTVEGGSVEAVGIVLGAAWAIYSFGEAAGRTAYYVTHSK	DDIDDG_02255
MKNLEQFDVMTDEALSTVEGGNVVINTAGVAIAGGVVGAGVCSASVAFAPFTGACAYVGAKAFASGYLIAHYS	ECDHJF_06265
MNTKTFEQFDVMTSAELSNVEGGSVEVVGIVLGAAWAIYSFGEAAGRTAYYVTHSK	ECDHJF_06275
MNTKTFEQFDVMTEAELSTVEGGNKCVNAIFGGALTGAGSGFVGGMATLGVTSIPGAFVGAHFGAIAGGLYCVGASL	EGPFLP_00955
MKNLEQFDVMTDEALSTVEGGNVVINTAGVAIAGGVVGAGVCSASVALAPFAGACAYVGAKALASGYLIAYYS	GINLMA_04435
MNTKTFEQFAAMTEVGLSNVEGGSVEVVGIVLGAAWAIYSFGEAAGRTAYYVTHSK	GINLMA_04445
MKNLEQFDVMTSAELSNVEGGKSFFYDFGYWYGSHASLSNLANNLGRMLRS	HDEPEA_06125
MNTKTFEQFDVMTEAELSTVEGGKSFFYDFGYWYGSHASLSNLANNLGRMLRS	IKMHFE_06975
MNTKTFEQFDVMTDEALSKVEGGYSKTDCLNAMITGIAGGIVAGGTGAGLVTLGVAGLPGAFVGAHIGAIGGGATCVGGMLFN	JHGBMJ_09345
MNTKTFEQFDVMTDEALSTVEGGKKCNYSQVIFDGFMGAAAGAAGNVPGIVIGGIGGAVLSYGGYCL	KALHLD_05610
MKNLEQFDVMTSAELSHVEGGKSFFYDFGYWYGSHASLSNLANNLGRMLRS	KCLKHH_07005
MNTKTFEQFDVMTDEALSTVEGGKKCNYSQVIFDGFMGAAAGAAGNVPGIVIGGIGGAVLSYGGYCL	MOCIPG_03375
MKNLEQFDVMTSAELSNVEGGKSFFYDFGYWYGSHASLSNLANNLGRMLRS	NDNJMB_09570
MKNLEQFEALTSAELSTVEGGSAEVVGIVLGAAWAIYSFGEAAGRTAYYVTHSK	NOCGMI_06630
MNTKTFEQFDVMTETELSTVEGGKSFFYDFGYWYGSHASLSNLANNLGRMLRS	OLMONE_04600